accuracy,precision_macro,recall_macro,f1_macro,log_loss,brier_multiclass,ece,mce,roc_auc_macro_ovr,pr_auc_macro
0.8214285714285714,0.8343021561771562,0.8164986559139785,0.8192326621333645,1.0987907577866307,0.4834291507975353,0.4215526277284929,0.575502539514042,0.9651537354718162,0.8967175414160168
