model,features,fit_sec_trainval,predict_sec_test,accuracy,precision_macro,recall_macro,f1_macro,precision_weighted,recall_weighted,f1_weighted,params_json
logreg,hog_pca,0.0828855037689209,0.0022649765014648438,0.8452380952380952,0.8498935584051293,0.8413544845248475,0.8426762747391341,0.8501141075099199,0.8452380952380952,0.8447454370651111,"{""name"": ""logreg_C0.1_wbalanced"", ""C"": 0.1, ""class_weight"": ""balanced""}"
lightgbm,hog_pca,44.431156635284424,0.019948720932006836,0.8412698412698413,0.841467821306531,0.8371975806451613,0.8366094566975053,0.8419199113643558,0.8412698412698413,0.8387704841482191,"{""name"": ""lgbm_n150_leaf63_lr0.1"", ""n_estimators"": 150, ""num_leaves"": 63, ""learning_rate"": 0.1, ""subsample"": 0.9, ""colsample_bytree"": 0.9}"
svm,hog_pca,3.731719732284546,0.008707761764526367,0.8333333333333334,0.8375059655523651,0.8307012405550712,0.8302220495576222,0.8374913018150485,0.8333333333333334,0.8315393105228912,"{""name"": ""linear_C0.1"", ""kind"": ""linear"", ""C"": 0.1, ""gamma"": ""na""}"
rf,hog_pca,3.5220677852630615,0.1562802791595459,0.8214285714285714,0.8343021561771562,0.8164986559139785,0.8192326621333645,0.8314067414067414,0.8214285714285714,0.8198207455967533,"{""name"": ""rf_n300_d25_fsqrt"", ""n_estimators"": 300, ""max_depth"": 25, ""max_features"": ""sqrt"", ""min_samples_leaf"": 1, ""class_weight"": ""balanced""}"
xgboost,hog_pca,44.54508566856384,0.00928354263305664,0.8134920634920635,0.8168943627439178,0.8097418991572217,0.8090027700573788,0.8158447387186992,0.8134920634920635,0.8103208646952451,"{""name"": ""xgb_n150_d4_lr0.1"", ""n_estimators"": 150, ""max_depth"": 4, ""learning_rate"": 0.1, ""subsample"": 0.9, ""colsample_bytree"": 0.9}"
