{
  "model": "logreg",
  "accuracy": 0.8452380952380952,
  "precision_macro": 0.8498935584051293,
  "recall_macro": 0.8413544845248475,
  "f1_macro": 0.8426762747391341,
  "precision_weighted": 0.8501141075099199,
  "recall_weighted": 0.8452380952380952,
  "f1_weighted": 0.8447454370651111
}