model,hog_pca_predict_sec_test,hog_only_predict_sec_test,hog_pca_latency_ms_per_sample,hog_only_latency_ms_per_sample,hog_pca_throughput_samples_per_sec,hog_only_throughput_samples_per_sec,hog_pca_f1_macro_test,hog_only_f1_macro_test,hog_pca_eff_f1_over_latency,hog_only_eff_f1_over_latency
logreg,0.0022649765014648,0.0271632671356201,0.008988001989939681,0.10779074260166706,111259.4324210548,9277.234536693268,0.8426762747391341,0.8580583382709408,93.7556840421649,7.960408450304807
lightgbm,0.0199487209320068,0.0577876567840576,0.07916159100002698,0.22931609834943492,12632.388856354077,4360.792840963946,0.8366094566975053,0.8581511659162526,10.568375977906005,3.742219460792458
svm,0.0087077617645263,0.0423498153686523,0.03455461017669167,0.16805482289147738,28939.69849136183,5950.4391649965155,0.8302220495576222,0.8332492511194085,24.026375795078046,4.958198978064945
rf,0.1562802791595459,0.1588950157165527,0.620159837934706,0.6305357766529869,1612.4875214916542,1585.9528309530745,0.8192326621333645,0.8539802213419843,1.3210024448884388,1.354372349615253
xgboost,0.0092835426330566,0.035010814666748,0.036839454893081755,0.13893180423312698,27144.80990292271,7197.77595576319,0.8090027700573788,0.8555998018440332,21.960226404145438,6.158415681468732
