embedding,silhouette_global,davies_bouldin,calinski_harabasz,n_samples
PCA_2D,-0.10200619803657142,28.723558280904363,1.9933575118251392,1175
TSNE_2D,-0.09039518699756492,19.026943817927275,4.076459592935788,1175
UMAP_2D,-0.10724108428908188,62.53355151476356,8.943859671447687,1175
