accuracy,precision_macro,recall_macro,f1_macro,log_loss,brier_multiclass,ece,mce,roc_auc_macro_ovr,pr_auc_macro
0.5079365079365079,0.5121960405683215,0.4961400664777681,0.46878499773687454,7.229777213803421,0.9059315631070756,0.4373535834110319,0.5597071807445504,0.8401843152380885,0.5813394288545488
