model,name,n_estimators,max_depth,learning_rate,subsample,colsample_bytree,elapsed_sec,accuracy,precision_macro,recall_macro,f1_macro,precision_weighted,recall_weighted,f1_weighted
xgboost,xgb_n150_d4_lr0.1,150,4,0.1,0.9,0.9,37.58182692527771,0.8181818181818182,0.8164110560492139,0.814647737455197,0.8109251230325523,0.8189119718087889,0.8181818181818182,0.8140199917228216
xgboost,xgb_n300_d4_lr0.1,300,4,0.1,0.9,0.9,59.92261028289795,0.8142292490118577,0.8100832114036822,0.810615479390681,0.8058876981966712,0.8129623450620556,0.8142292490118577,0.8092226620309214
xgboost,xgb_n300_d4_lr0.05,300,4,0.05,0.9,0.9,77.05979132652283,0.8063241106719368,0.8025071333894863,0.8025509632616488,0.7977756816280863,0.8048160963529483,0.8063241106719368,0.8008811595830168
xgboost,xgb_n300_d6_lr0.1,300,6,0.1,0.9,0.9,68.9395751953125,0.8023715415019763,0.7973211816999404,0.7986447132616488,0.7950648089491726,0.8000676153979068,0.8023715415019763,0.7983456203505122
xgboost,xgb_n150_d6_lr0.1,150,6,0.1,0.9,0.9,50.97045969963074,0.7984189723320159,0.7969808086995587,0.7944780465949821,0.7926214956901626,0.8006366388036349,0.7984189723320159,0.7964942263924684
xgboost,xgb_n300_d6_lr0.05,300,6,0.05,0.9,0.9,102.53137469291687,0.7865612648221344,0.7815515271974313,0.7825072804659499,0.7787896957403145,0.7841547069685739,0.7865612648221344,0.7821531208223098
xgboost,xgb_n150_d6_lr0.05,150,6,0.05,0.9,0.9,70.11535620689392,0.7707509881422925,0.771147253675831,0.7662354390681003,0.7635557809891386,0.7731255911363475,0.7707509881422925,0.7668413691114091
xgboost,xgb_n150_d4_lr0.05,150,4,0.05,0.9,0.9,37.898051261901855,0.7707509881422925,0.7658854794630656,0.7674899193548387,0.7624402682616265,0.7680169927750682,0.7707509881422925,0.7651853076419463
