{
  "model": "xgboost",
  "features_npz": "artifacts\\preprocess_hog_pca_v3\\features\\hog_pca_features_split.npz",
  "selection_metric": "f1_macro",
  "best_candidate_train_val": {
    "model": "xgboost",
    "name": "xgb_n150_d4_lr0.1",
    "n_estimators": 150,
    "max_depth": 4,
    "learning_rate": 0.1,
    "subsample": 0.9,
    "colsample_bytree": 0.9
  },
  "dataset_shapes": {
    "X_train": [
      1175,
      542
    ],
    "X_val": [
      253,
      542
    ],
    "X_test": [
      252,
      542
    ],
    "classes": [
      "alicate_corte",
      "calibrador",
      "cutter",
      "destornillador_chico_plano",
      "llave_chica_mixta",
      "llave_regulable",
      "pelacables",
      "wincha"
    ]
  },
  "metrics": {
    "validation": {
      "accuracy": 0.8181818181818182,
      "precision_macro": 0.8164110560492139,
      "recall_macro": 0.814647737455197,
      "f1_macro": 0.8109251230325523,
      "precision_weighted": 0.8189119718087889,
      "recall_weighted": 0.8181818181818182,
      "f1_weighted": 0.8140199917228216
    },
    "test": {
      "accuracy": 0.8134920634920635,
      "precision_macro": 0.8168943627439178,
      "recall_macro": 0.8097418991572217,
      "f1_macro": 0.8090027700573788,
      "precision_weighted": 0.8158447387186992,
      "recall_weighted": 0.8134920634920635,
      "f1_weighted": 0.8103208646952451
    }
  }
}