accuracy,precision_macro,recall_macro,f1_macro,log_loss,brier_multiclass,ece,mce,roc_auc_macro_ovr,pr_auc_macro
0.7817460317460317,0.7856230614851305,0.7768299549549549,0.7757456404371791,0.835060175174334,0.3607018255503463,0.19874153232977737,0.47451108052796576,0.9605125855294527,0.8608971107215265
