method,accuracy,precision_macro,recall_macro,f1_macro,log_loss,brier_multiclass,ece,mce,roc_auc_macro_ovr,pr_auc_macro
isotonic,0.841897233201581,0.837356223018655,0.8394181227598566,0.8359047281110039,0.8298097205289054,0.30255124676094175,0.23398085098357557,0.4592824293843866,0.9619100146993566,0.8963542670211664
sigmoid,0.83399209486166,0.8278424004944103,0.8312191980286738,0.8281729783696229,0.8481593393324763,0.35325616537232823,0.30316032675619603,0.8010077144106111,0.9603956128933846,0.8952455850028138
