{
  "model": "knn",
  "features_npz": "artifacts\\preprocess_hog_pca_v3\\features\\hog_pca_features_split.npz",
  "selection_metric": "f1_macro",
  "best_candidate_train_val": {
    "model": "knn",
    "name": "knn_k3_distance_p1",
    "n_neighbors": 3,
    "weights": "distance",
    "p": 1
  },
  "dataset_shapes": {
    "X_train": [
      1175,
      542
    ],
    "X_val": [
      253,
      542
    ],
    "X_test": [
      252,
      542
    ],
    "classes": [
      "alicate_corte",
      "calibrador",
      "cutter",
      "destornillador_chico_plano",
      "llave_chica_mixta",
      "llave_regulable",
      "pelacables",
      "wincha"
    ]
  },
  "metrics": {
    "validation": {
      "accuracy": 0.6600790513833992,
      "precision_macro": 0.7712686063822229,
      "recall_macro": 0.6557235663082437,
      "f1_macro": 0.6691255119090279,
      "precision_weighted": 0.7760471775867762,
      "recall_weighted": 0.6600790513833992,
      "f1_weighted": 0.6749459980472216
    },
    "test": {
      "accuracy": 0.7261904761904762,
      "precision_macro": 0.8421608979579993,
      "recall_macro": 0.7219451558413252,
      "f1_macro": 0.73440229101788,
      "precision_weighted": 0.8450177279714891,
      "recall_weighted": 0.7261904761904762,
      "f1_weighted": 0.7394555127873564
    }
  }
}