accuracy,precision_macro,recall_macro,f1_macro,log_loss,brier_multiclass,ece,mce,roc_auc_macro_ovr,pr_auc_macro
0.8134920634920635,0.8168943627439178,0.8097418991572217,0.8090027700573788,0.5751932447170447,0.24740134558387925,0.060031856585957874,0.28270586820465765,0.9753310073714279,0.9135506074330862
