model,name,n_estimators,num_leaves,learning_rate,subsample,colsample_bytree,elapsed_sec,accuracy,precision_macro,recall_macro,f1_macro,precision_weighted,recall_weighted,f1_weighted
lightgbm,lgbm_n150_leaf63_lr0.1,150,63,0.1,0.9,0.9,34.29582619667053,0.83399209486166,0.8310575198763082,0.8305163530465949,0.8269708339067561,0.8340563662285381,0.83399209486166,0.8303001950535891
lightgbm,lgbm_n300_leaf63_lr0.05,300,63,0.05,0.9,0.9,69.93141508102417,0.83399209486166,0.8269708683032435,0.830785170250896,0.8260005828084312,0.8301408854785498,0.83399209486166,0.8292450562740934
lightgbm,lgbm_n300_leaf63_lr0.1,300,63,0.1,0.9,0.9,40.00926995277405,0.8300395256916996,0.8270773178644848,0.8267445116487455,0.823509161289578,0.8301299641248306,0.8300395256916996,0.8267585484917134
lightgbm,lgbm_n300_leaf31_lr0.1,300,31,0.1,0.9,0.9,25.043068408966064,0.8221343873517787,0.8157281891152401,0.8188144041218638,0.8131349292472285,0.8189955851627408,0.8221343873517787,0.8165113278154355
lightgbm,lgbm_n150_leaf31_lr0.1,150,31,0.1,0.9,0.9,24.124763011932373,0.8221343873517787,0.8152845636716147,0.8188144041218638,0.812958260406176,0.8180414330228178,0.8221343873517787,0.8160749466464753
lightgbm,lgbm_n150_leaf63_lr0.05,150,63,0.05,0.9,0.9,57.31842541694641,0.8102766798418972,0.8014140609124162,0.806709229390681,0.8015882199736772,0.8043410038690358,0.8102766798418972,0.8048846359467218
lightgbm,lgbm_n300_leaf31_lr0.05,300,31,0.05,0.9,0.9,50.00392127037048,0.8102766798418972,0.8030170688757898,0.8065832213261649,0.8012937739126106,0.8053095266104607,0.8102766798418972,0.8043264750814035
lightgbm,lgbm_n150_leaf31_lr0.05,150,31,0.05,0.9,0.9,38.30603575706482,0.8023715415019763,0.7978525607457059,0.7982414874551971,0.7930351247454108,0.8001895173337861,0.8023715415019763,0.7963595535428608
