{
  "model": "lightgbm",
  "features_npz": "artifacts\\preprocess_hog_pca_v3\\features\\hog_pca_features_split.npz",
  "selection_metric": "f1_macro",
  "best_candidate_train_val": {
    "model": "lightgbm",
    "name": "lgbm_n150_leaf63_lr0.1",
    "n_estimators": 150,
    "num_leaves": 63,
    "learning_rate": 0.1,
    "subsample": 0.9,
    "colsample_bytree": 0.9
  },
  "dataset_shapes": {
    "X_train": [
      1175,
      542
    ],
    "X_val": [
      253,
      542
    ],
    "X_test": [
      252,
      542
    ],
    "classes": [
      "alicate_corte",
      "calibrador",
      "cutter",
      "destornillador_chico_plano",
      "llave_chica_mixta",
      "llave_regulable",
      "pelacables",
      "wincha"
    ]
  },
  "metrics": {
    "validation": {
      "accuracy": 0.83399209486166,
      "precision_macro": 0.8310575198763082,
      "recall_macro": 0.8305163530465949,
      "f1_macro": 0.8269708339067561,
      "precision_weighted": 0.8340563662285381,
      "recall_weighted": 0.83399209486166,
      "f1_weighted": 0.8303001950535891
    },
    "test": {
      "accuracy": 0.8412698412698413,
      "precision_macro": 0.841467821306531,
      "recall_macro": 0.8371975806451613,
      "f1_macro": 0.8366094566975053,
      "precision_weighted": 0.8419199113643558,
      "recall_weighted": 0.8412698412698413,
      "f1_weighted": 0.8387704841482191
    }
  }
}