model,name,n_estimators,learning_rate,max_depth,subsample,max_features,elapsed_sec,accuracy,precision_macro,recall_macro,f1_macro,precision_weighted,recall_weighted,f1_weighted
gradientboosting,gb_n150_lr0.1_d2_ss1.0_fsqrt,150,0.1,2,1.0,sqrt,13.979755401611328,0.7786561264822134,0.7779446484243071,0.7756580421146954,0.7726702770997483,0.7778870105540326,0.7786561264822134,0.7740194929489432
gradientboosting,gb_n150_lr0.05_d2_ss1.0_fsqrt,150,0.05,2,1.0,sqrt,13.796553373336792,0.7628458498023716,0.7699145052975698,0.7584229390681003,0.7571285350579906,0.7685496870279478,0.7628458498023716,0.7582394103266948
gradientboosting,gb_n150_lr0.1_d2_ss0.8_fsqrt,150,0.1,2,0.8,sqrt,10.911455631256104,0.7628458498023716,0.764382891857864,0.7584397401433691,0.7549142646915542,0.7641104844761081,0.7628458498023716,0.7567355305139664
gradientboosting,gb_n80_lr0.1_d2_ss1.0_fsqrt,80,0.1,2,1.0,sqrt,7.362194538116455,0.7391304347826086,0.7460153372924638,0.734923835125448,0.734109174701401,0.7443070094821641,0.7391304347826086,0.7349098107431853
gradientboosting,gb_n150_lr0.05_d2_ss0.8_fsqrt,150,0.05,2,0.8,sqrt,11.25626516342163,0.7351778656126482,0.7397140083632019,0.7301971326164874,0.7236629183886257,0.7382996632996632,0.7351778656126482,0.725025637144882
gradientboosting,gb_n80_lr0.1_d2_ss0.8_fsqrt,80,0.1,2,0.8,sqrt,6.084319353103638,0.7075098814229249,0.7263514937458208,0.7024753584229391,0.7012266798803622,0.7234268057840143,0.7075098814229249,0.7014438749176767
gradientboosting,gb_n80_lr0.05_d2_ss1.0_fsqrt,80,0.05,2,1.0,sqrt,7.253206253051758,0.7035573122529645,0.7206509988728392,0.6977794578853047,0.6994526177680302,0.7185797254934816,0.7035573122529645,0.7004460375744856
gradientboosting,gb_n80_lr0.05_d2_ss0.8_fsqrt,80,0.05,2,0.8,sqrt,6.2889204025268555,0.6719367588932806,0.7118747208968983,0.6654961917562724,0.6674115200925593,0.707122938101199,0.6719367588932806,0.667037805612432
