accuracy,precision_macro,recall_macro,f1_macro,log_loss,brier_multiclass,ece,mce,roc_auc_macro_ovr,pr_auc_macro
0.7261904761904762,0.8421608979579993,0.7219451558413252,0.73440229101788,5.014840652595951,0.44903203838793904,0.17248931256489033,0.5772950431597967,0.8997900832255044,0.8005212582617536
