model,hog_pca_accuracy_test,hog_pca_f1_macro_test,hog_pca_fit_sec_trainval,hog_only_accuracy_test,hog_only_f1_macro_test,hog_only_fit_sec_trainval,delta_accuracy_hog_only_minus_hog_pca,delta_f1_hog_only_minus_hog_pca,ratio_fit_time_hog_only_vs_hog_pca
logreg,0.8452380952380952,0.8426762747391341,0.0828855037689209,0.8611111111111112,0.8580583382709408,6.04531455039978,0.015873015873015928,0.015382063531806711,72.93572790790658
lightgbm,0.8412698412698413,0.8366094566975053,44.43115663528442,0.8611111111111112,0.8581511659162526,367.5669412612915,0.019841269841269882,0.021541709218747318,8.272729523529735
svm,0.8333333333333334,0.8302220495576222,3.731719732284546,0.8373015873015873,0.8332492511194085,5133.425915718079,0.003968253968253954,0.0030272015617862635,1375.6193615792827
rf,0.8214285714285714,0.8192326621333645,3.522067785263061,0.8571428571428571,0.8539802213419843,5.305505990982056,0.0357142857142857,0.034747559208619716,1.5063611248997557
xgboost,0.8134920634920635,0.8090027700573788,44.54508566856384,0.8571428571428571,0.8555998018440332,571.9280791282654,0.04365079365079361,0.04659703178665442,12.839308097500952
