model,features,fit_sec_trainval,predict_sec_test,accuracy,precision_macro,recall_macro,f1_macro,precision_weighted,recall_weighted,f1_weighted,params_json
lightgbm,hog_only,367.5669412612915,0.05778765678405762,0.8611111111111112,0.864105802023386,0.8580141129032258,0.8581511659162526,0.8649944598648049,0.8611111111111112,0.8601905387945119,"{""name"": ""lgbm_n150_leaf63_lr0.1"", ""n_estimators"": 150, ""num_leaves"": 63, ""learning_rate"": 0.1, ""subsample"": 0.9, ""colsample_bytree"": 0.9}"
logreg,hog_only,6.04531455039978,0.027163267135620117,0.8611111111111112,0.8624582972009442,0.8577607345248475,0.8580583382709408,0.8656943206575559,0.8611111111111112,0.8614466392203511,"{""name"": ""logreg_C0.1_wbalanced"", ""C"": 0.1, ""class_weight"": ""balanced""}"
xgboost,hog_only,571.9280791282654,0.03501081466674805,0.8571428571428571,0.8633109760403976,0.8539734543010753,0.8555998018440332,0.8633730796318857,0.8571428571428571,0.8572053315408287,"{""name"": ""xgb_n150_d4_lr0.1"", ""n_estimators"": 150, ""max_depth"": 4, ""learning_rate"": 0.1, ""subsample"": 0.9, ""colsample_bytree"": 0.9}"
rf,hog_only,5.305505990982056,0.15889501571655273,0.8571428571428571,0.8625532927883407,0.8538474462365591,0.8539802213419843,0.8653085553640694,0.8571428571428571,0.857175046037751,"{""name"": ""rf_n300_d25_fsqrt"", ""n_estimators"": 300, ""max_depth"": 25, ""max_features"": ""sqrt"", ""min_samples_leaf"": 1, ""class_weight"": ""balanced""}"
svm,hog_only,5133.425915718079,0.042349815368652344,0.8373015873015873,0.8428172609818255,0.834212665286254,0.8332492511194085,0.84536409294366,0.8373015873015873,0.836269600461417,"{""name"": ""linear_C0.1"", ""kind"": ""linear"", ""C"": 0.1, ""gamma"": ""na""}"
