accuracy,precision_macro,recall_macro,f1_macro,log_loss,brier_multiclass,ece,mce,roc_auc_macro_ovr,pr_auc_macro
0.7976190476190477,0.796068850056676,0.7919018817204301,0.7904371519222531,0.8575516837862492,0.37593169856844977,0.2326025349629924,0.506450091162501,0.9587868208867927,0.8696873868122423
