accuracy,precision_macro,recall_macro,f1_macro,log_loss,brier_multiclass,ece,mce,roc_auc_macro_ovr,pr_auc_macro
0.8412698412698413,0.841467821306531,0.8371975806451613,0.8366094566975053,0.6898825425775907,0.25121852415579177,0.0843768072928641,0.5903574924997228,0.9755220168549374,0.9119066651642874
