{
  "model": "catboost",
  "accuracy": 0.7976190476190477,
  "precision_macro": 0.796068850056676,
  "recall_macro": 0.7919018817204301,
  "f1_macro": 0.7904371519222531,
  "precision_weighted": 0.796198814759269,
  "recall_weighted": 0.7976190476190477,
  "f1_weighted": 0.7931307586076
}