accuracy,precision_macro,recall_macro,f1_macro,log_loss,brier_multiclass,ece,mce,roc_auc_macro_ovr,pr_auc_macro
0.8333333333333334,0.8372051461917449,0.8300459986195874,0.8297145046085126,0.6490823232754971,0.2739579024175137,0.17606068746131587,0.3217117629076236,0.9705476558242168,0.9122794936078027
