{
  "model": "knn",
  "accuracy": 0.7261904761904762,
  "precision_macro": 0.8421608979579993,
  "recall_macro": 0.7219451558413252,
  "f1_macro": 0.73440229101788,
  "precision_weighted": 0.8450177279714891,
  "recall_weighted": 0.7261904761904762,
  "f1_weighted": 0.7394555127873564
}