{
  "model": "extratrees",
  "accuracy": 0.8095238095238095,
  "precision_macro": 0.82621491411814,
  "recall_macro": 0.8045362903225807,
  "f1_macro": 0.8071420452722545,
  "precision_weighted": 0.822758969993993,
  "recall_weighted": 0.8095238095238095,
  "f1_weighted": 0.8073113303566333
}