model,name,iterations,depth,learning_rate,l2_leaf_reg,elapsed_sec,accuracy,precision_macro,recall_macro,f1_macro,precision_weighted,recall_weighted,f1_weighted
catboost,cat_it220_d4_lr0.1,220,4,0.1,3.0,33.51316952705383,0.7786561264822134,0.7807093537840442,0.7745603718637992,0.7691872472697534,0.7815549569404242,0.7786561264822134,0.7716295425310764
catboost,cat_it120_d4_lr0.1,120,4,0.1,3.0,18.317140340805054,0.7272727272727273,0.729941074800689,0.7231098790322581,0.7178253842247306,0.7313972629794789,0.7272727272727273,0.7206495939099439
catboost,cat_it220_d4_lr0.05,220,4,0.05,3.0,33.628217458724976,0.7193675889328063,0.7205813703840018,0.7136648745519714,0.7061895092617189,0.7208421689490963,0.7193675889328063,0.7089477454792696
catboost,cat_it120_d4_lr0.05,120,4,0.05,3.0,18.979190587997437,0.6482213438735178,0.6825743128986146,0.6412158378136201,0.6311322729556922,0.6799527960095642,0.6482213438735178,0.6331264665842485
