{
  "model": "adaboost",
  "accuracy": 0.6944444444444444,
  "precision_macro": 0.7442736437832176,
  "recall_macro": 0.6952723136442895,
  "f1_macro": 0.70082814875541,
  "precision_weighted": 0.7492713028174897,
  "recall_weighted": 0.6944444444444444,
  "f1_weighted": 0.7031023038538309
}