accuracy,precision_macro,recall_macro,f1_macro,log_loss,brier_multiclass,ece,mce,roc_auc_macro_ovr,pr_auc_macro
0.8452380952380952,0.8498935584051293,0.8413544845248475,0.8426762747391341,0.5309852563617496,0.2179029596019179,0.06175367930894547,0.2095892663837541,0.9738439969105229,0.9178820184700237
