accuracy,precision_macro,recall_macro,f1_macro,log_loss,brier_multiclass,ece,mce,roc_auc_macro_ovr,pr_auc_macro
0.6944444444444444,0.7442736437832176,0.6952723136442895,0.70082814875541,2.0699545955017444,0.8726247857680297,0.5680853058203178,0.5680853058203178,0.9042164053985025,0.6685522921009697
