accuracy,precision_macro,recall_macro,f1_macro,log_loss,brier_multiclass,ece,mce,roc_auc_macro_ovr,pr_auc_macro
0.8095238095238095,0.82621491411814,0.8045362903225807,0.8071420452722545,1.0813826312897212,0.4681490663636901,0.39212860750074824,0.6282319177583574,0.974075418396902,0.9088176070746938
