{
  "features_npz": "artifacts\\preprocess_hog_pca_v3\\features\\hog_pca_features_split.npz",
  "selection_metric": "f1_macro",
  "best_candidate_train_val": {
    "name": "linear_C0.1",
    "kind": "linear",
    "C": 0.1,
    "gamma": "na"
  },
  "dataset_shapes": {
    "X_train": [
      1175,
      542
    ],
    "X_val": [
      253,
      542
    ],
    "X_test": [
      252,
      542
    ],
    "classes": [
      "alicate_corte",
      "calibrador",
      "cutter",
      "destornillador_chico_plano",
      "llave_chica_mixta",
      "llave_regulable",
      "pelacables",
      "wincha"
    ]
  },
  "metrics": {
    "validation": {
      "accuracy": 0.8260869565217391,
      "precision_macro": 0.8196424472515553,
      "recall_macro": 0.823020273297491,
      "f1_macro": 0.8193051447870133,
      "precision_weighted": 0.821717363405343,
      "recall_weighted": 0.8260869565217391,
      "f1_weighted": 0.8219090793722784
    },
    "test": {
      "accuracy": 0.8333333333333334,
      "precision_macro": 0.8375059655523651,
      "recall_macro": 0.8307012405550712,
      "f1_macro": 0.8302220495576222,
      "precision_weighted": 0.8374913018150485,
      "recall_weighted": 0.8333333333333334,
      "f1_weighted": 0.8315393105228912
    }
  }
}